coach_id,full_name
0,Eli Abbott
1,Earl Abell
2,Earl Able
3,Hobbs Adams
4,Steve Addazio
5,Alex Agase
6,Jim Aiken
7,Fred Akers
8,Tim Albin
9,Ray Alborn
10,S.M. Alexander
11,William Alexander
12,Phog Allen
13,Pokey Allen
14,Terry Allen
15,Tom Allen
16,Dave Allerdice
17,Tom Alley
18,Stub Allison
19,Billy Alton
20,Barry Alvarez
21,Chuck Amato
22,Paul Amen
23,Knowlton Ames
24,Tom Amstutz
25,Gary Andersen
26,Blake Anderson
27,Blake Anderson
29,Edward Anderson
30,Harry Anderson
31,Hunk Anderson
32,John Anderson
33,Lew Andreas
34,Dee Andros
35,Moe Ankney
36,Major Applewhite
37,Dave Aranda
38,Phillip Arbuckle
39,Mike Archer
40,Bruce Arians
41,Ike Armstrong
42,Bill Arnsparger
44,Dave Arslanian
45,Sarkis Arslanian
46,Tom Arth
48,Charles Atkinson
49,Chris Ault
50,Andy Avalos
51,Joe Avezzano
52,Dino Babers
53,Charlie Bachman
54,Walter Bachman
55,A.H. Badenoch
56,Enoch Bagshaw
57,Charlie Bailey
58,David Bailiff
59,Art Baker
60,Dave Baldwin
61,James Baldwin
62,Jerry Baldwin
63,D.M. Balliet
64,Chuck Banker
65,Jeff Banks
66,Mark Banks
67,W.H. Bannard
68,Frank Barbour
69,George Barclay
70,Doug Barfield
71,George Barlow
72,Charles Barnard
73,Bill Barnes
74,Willis Barnes
75,Gary Barnett
76,John Barnhill
77,Sam Barry
78,Tom Barry
79,Doby Bartling
80,Gil Bartosh
81,Marvin Bass
83,Billy Bates
84,Mike Bath
85,Bill Battle
86,Reaves Baysinger
87,Joseph Beacham
88,Bill Beall
89,Frank Beamer
90,Shane Beamer
91,Ernest Bearg
92,David Beaty
93,Tim Beckman
94,Joe Bedenk
95,Larry Beightol
96,Madison Bell
97,Richard Bell
98,Walt Bell
99,Emory Bellard
100,Mike Bellotti
101,John Bender
102,Chet Benefiel
103,Christie Benet
104,Phil Bennett
105,Fred Bennion
106,Jerry Berndt
107,Charles Bernier
108,Frank Berrien
109,T. Berry
110,Todd Berry
111,Charles Best
112,Dick Bestwick
113,Hugo Bezdek
114,Dana Bible
115,Jack Bicknell
116,Bret Bielema
117,Bernie Bierman
118,G.M. Billings
119,Tim Billings
120,Paul Bixler
121,George Blackburn
122,Ron Blackledge
123,Bob Blackman
124,Gary Blackney
125,David Blackwell
126,Red Blaik
127,John Blake
128,Larry Blakeney
129,Okie Blanchard
130,Bill Blankenship
131,Laurie Bliss
132,Mike Bloomgren
133,W.B. Blount
134,John Bobo
135,Mike Bobo
136,Branch Bocock
137,Craig Bohl
138,George Bohler
139,Daddy Boles
140,John Bonamego
141,Jay Bond
142,J.R. Boone
143,Walter Booth
144,W.S. Boreland
145,Bobby Bowden
146,Terry Bowden
147,Tommy Bowden
148,Jeff Bower
149,Charles Bowser
150,Sam Boyd
151,Robert Boyers
152,Sam Boyle
153,Jim Bradley
154,Charley Bradshaw
155,Jim Brakefield
156,Gregg Brandon
157,Brent Brennan
158,Terry Brennan
159,Billy Brewer
160,Tim Brewster
161,A.E. Brides
162,John Bridgers
163,Frank Bridges
164,Art Briles
165,W.H. Britton
166,Stan Brock
167,Jeff Brohm
168,Robert Bronzan
169,George Brooke
170,J.D. Brookhart
171,Rich Brooks
172,John Brothers
173,Buster Brown
174,Don Brown
175,Earl Brown
176,Mack Brown
177,Neal Brown
178,Paul Brown
179,R.M. Brown
180,Robert Brown
181,R.R. Brown
182,Watson Brown
183,Frank Broyles
184,Earle Bruce
185,Milt Bruhn
186,Mike Brumbelow
187,Bear Bryant
188,Cleve Bryant
189,Matthew Bullock
190,John Bunting
191,Brian Burke
192,Luther Burleson
193,Elmer Burnham
195,Jerry Burns
196,Keith Burns
197,Leon Burtnett
198,Al Buser
199,Rickey Bustle
200,Wallace Butts
201,Curley Byrd
202,Chester Caddas
203,Red Cagle
204,Thomas Cahill
205,Charles Caldwell
206,Jim Caldwell
207,Robbie Caldwell
208,Troy Calhoun
209,Bill Callahan
210,Ray Callahan
212,Prink Callison
213,Cam Cameron
214,Frank Camp
215,Walter Camp
217,Matt Campbell
219,Thomas Campbell
220,Matt Canada
221,Mike Canales
222,Jason Candle
223,Cappy Cappon
224,Ron Caragher
225,Rod Carey
226,Frank Carideo
227,Vince Carillot
228,Jim Carlen
229,Jim Carmody
230,Lloyd Carr
231,Pete Carroll
232,Bud Carson
233,Len Casanova
234,George Cassidy
235,Miles Casteel
236,Frank Castleman
237,Mark Catlin
238,Tony Cavallo
239,Mike Cavan
240,Ed Cavanaugh
241,Frank Cavanaugh
242,Pete Cawthon
243,Jamey Chadwell
244,William Chadwick
245,John Chalmers
246,Jim Chaney
248,George Chaump
249,John Cherberg
250,Blair Cherry
251,Jack Chevigny
252,Clarence Childs
253,Gene Chizik
254,Ed Chlebek
256,Dave Christensen
257,Jack Christiansen
258,Paul Chryst
259,Bill Church
260,Curt Cignetti
261,Frank Cignetti
262,Craig Cirbus
263,Tracy Claeys
264,Jerry Claiborne
265,Bert Clark
267,Don Clark
268,Potsy Clark
269,Shawn Clark
270,Dick Clausen
271,Dave Clawson
272,Zora Clevenger
273,John Coatta
274,Eddie Cochems
275,Garrett Cochran
276,Tom Cochrane
277,Josh Cody
278,Stanley Cofall
279,Charles Coffey
280,Russ Cohen
281,Larry Coker
282,George Cole
283,King Cole
284,William Cole
285,Harris Coleman
286,Joe Coleman
287,Jim Colletto
288,Blanton Collier
289,Ben Collins
290,Bobby Collins
291,Chuck Collins
292,Geoff Collins
293,Mike Collins
294,Pat Collins
295,Richard Colman
296,Bob Commings
297,Al Conover
298,M.T. Cooke
299,John Cooper
300,Ken Cooper
301,Ron Cooper
302,John Corbett
303,Pete Cordelli
304,Vaughn Corley
305,Jim Corrigall
306,Lee Corso
307,Gene Corum
308,Don Coryell
309,Tom Coughlin
310,James Coulter
311,Steve Coutchie
312,Roland Cowell
313,Ted Cox
314,Carmen Cozza
315,Tom Craft
316,J.B. Craig
317,Walter Craig
318,Jeff Cravath
319,Charles Crawford
320,Frank Crawford
321,S.D. Crawford
322,Chris Creighton
323,Bernie Crimmins
324,Jim Criner
325,Fritz Crisler
326,Mario Cristobal
327,C.E. Cronk
328,Sylvester Croom
329,David Cropp
330,John David Crow
331,Eddie Crowder
332,Clem Crowe
333,Jack Crowe
334,Jimmy Crowley
335,Gary Crowton
336,Dick Crum
337,B.C. Cubbage
338,Bill Cubit
339,Pat Culpepper
340,Alvin Culver
341,Sonny Cumbie
342,Bill Cunningham
343,W.A. Cunningham
344,Fran Curci
345,Raymond Curfman
346,Dave Currey
347,Bill Curry
348,Jack Curtice
349,Arthur Curtis
350,Joe Curtis
351,Phil Cutchin
352,David Cutcliffe
353,Oliver Cutts
354,Virginius Dabney
355,Charles Daly
356,Milton Daniel
357,Mark Dantonio
358,Gary Darnell
359,Paul Dashiell
360,Ray Dauber
361,Duffy Daugherty
362,Bill Davidson
363,Gar Davidson
364,Bob Davie
365,Brad Davis
366,Bud Davis
367,Butch Davis
368,Greg Davis
369,Parke Davis
370,Paul Davis
371,Paul Davis
372,Robert Davis
373,Fred Dawson
374,Red Dawson
375,Ryan Day
376,H.I. Dean
377,Fisher DeBerry
378,Kalen DeBoer
379,Mike DeBord
380,Dudley DeGroot
381,Jimmy DeHart
382,Bob Deming
383,Bob DeMoss
384,Rey Dempsey
385,Mick Dennehy
386,Jim Dennison
387,Carl DePasqua
388,J.D. DePree
389,Herb Deromedi
390,Tim DeRuyter
391,John DeSaulles
392,Michael Desormeaux
393,Leo DeTray
394,Bob Devaney
395,Dan Devine
396,Hugh Devore
397,Bob Diaco
398,Manny Diaz
399,Phil Dickens
400,George Dickerson
401,Ron Dickerson
402,Jake Dickert
403,Darrell Dickey
404,Doug Dickey
405,Jim Dickey
406,Marvin Dickinson
407,William Dietz
408,Paul Dietzel
409,Dana Dimel
410,Gerry DiNardo
411,Bill Doba
412,Glenn Dobbs
413,Robert Dobbs
414,Gilmour Dobie
415,Frank Dobson
416,Rex Dockery
417,Bobby Dodd
418,Todd Dodge
419,Dave Doeren
420,Edward Doherty
421,Edward Donahue
422,Mike Donahue
423,Terry Donahue
424,Aldo Donelli
425,Ray Donels
426,Jim Donnan
427,Bill Dooley
428,Derek Dooley
429,Vince Dooley
430,Bill Doolittle
431,Jesse Van Doozer
433,Karl Dorrell
434,Otis Douglas
435,Ron Dowhower
436,Dexter Draper
437,Stan Drayton
438,Red Drew
439,Eli Drinkwitz
440,Bill Driver
441,F. Dry
442,Mike DuBose
443,Joseph Duff
444,Mark Duffner
445,Donnie Duncan
446,John Dunlop
447,Joe Lee Dunn
448,D.J. Durkin
449,Pat Dwyer
450,Pat Dye
451,George Dyer
452,Sonny Dykes
453,Spike Dykes
454,Lloyd Eaton
455,John Eckstrom
456,N.B. Edgerton
457,Randy Edsall
458,Bill Edwards
459,David Edwards
460,Earle Edwards
461,Herm Edwards
462,LaVell Edwards
463,William Elias
464,Ray Eliot
465,Mike Elko
466,Bennie Ellender
467,Rich Ellerson
468,Bump Elliott
469,Pete Elliott
470,Shawn Elliott
471,Speed Elliott
472,Tony Elliott
473,Frank Ellwood
474,David Elson
475,Mal Elward
476,Jack Elway
477,Jon Embree
478,Ed Emory
479,Rip Engle
480,Ron English
481,Wally English
482,Fred Enke
483,Dan Enos
484,Dick Enright
485,Rex Enright
486,Eddie Erdelatz
487,Dennis Erickson
488,Bob Evans
489,Peyton Evans
490,Forest Evashevski
491,A.A. Ewing
492,Leon Excelby
493,Albert Exendine
494,Jack Faber
495,Chuck Fairbanks
496,Steve Fairchild
497,Don Fambrough
498,James Faragher
499,Gus Farwick
500,Jim Fassel
501,Russ Faulkinberry
502,Everett Faunce
503,Don Faurot
504,Gerry Faust
505,Foge Fazio
506,Beattie Feathers
507,Larry Fedora
508,Rudy Feldman
509,Rockey Felker
510,Tom Fennell
511,Gustave Ferbert
512,Kirk Ferentz
513,Craig Fertig
514,Wesley Fesler
515,William Fetzer
516,Luke Fickell
517,Jedd Fisch
518,Lud Fiser
519,H.E. Fisher
520,Jimbo Fisher
521,Todd Fitch
522,Dennis Fitzgerald
523,Pat Fitzgerald
524,Thomas Fitzpatrick
525,P.J. Fleck
526,J.A. Van Fleet
528,Red Floyd
529,Dick Flynn
530,Hank Foldberg
531,Ed Foley
532,Fred Folsom
533,Danny Ford
534,Rick Forzano
535,Amos Foster
536,Dixon Foster
537,Vince Di Francesca
538,Dennis Franchione
539,Sam Francis
540,James Franklin
541,Carl Franks
542,Ewing Freeland
543,Marcus Freeman
544,Hugh Freeze
545,Jerry Frei
546,Ralph Friedgen
547,Willie Fritz
548,Henry Frnka
549,Scott Frost
550,Hayden Fry
551,Wesley Fry
552,Justin Fuente
553,Bill Fulcher
554,Leon Fuller
555,Myron Fuller
556,Phillip Fulmer
557,Fred Furman
558,Chan Gailey
559,Harry Gamage
560,Hank Garrity
561,Floyd Gass
562,George Gauthier
563,Conrad Van Gent
564,Jeff Genyk
565,Ray George
566,David Gibbs
567,Gary Gibbs
568,Bob Gibson
569,Claude Gibson
570,Vince Gibson
571,Mike Giddings
572,Warren Giese
573,Claude Gilbert
574,Keith Gilbertson
575,Andrew Gill
576,Turner Gill
577,Sid Gillman
578,William Glassford
579,Ralph Glaze
580,Joe Glenn
581,Marshall Glenn
582,Ray Goff
583,Al Golden
584,Pop Golden
585,Fred Goldsmith
586,Danny Gonzales
587,Alan Gooch
588,Mike Gottfried
590,Dennis Grady
591,Ralph Graham
592,Todd Graham
593,Everett Grandelius
594,D.V. Graves
595,Ernest Graves
596,Harmon Graves
597,Ray Graves
598,Tubby Graves
599,Dennis Green
600,Edward Green
601,Jack Green
602,Vee Green
603,Forrest Gregg
604,Bob Gregory
605,M. Griffin
606,Clarence Griffith
607,John Griffith
608,Johnny Griffith
609,Jim Grobe
610,Al Groh
611,Arthur Guepe
612,Lance Guidry
613,Mike Gundy
614,Andy Gustafson
615,John Gutekunst
616,Brent Guy
617,L. Gwinn
618,Paul Hackett
619,T.D. Hackney
620,Jeff Hafley
621,Bo Hagan
622,Oscar Hagberg
623,Jack Hagerty
624,Odell Haggins
625,Perry Hale
626,A.P. Hall
627,Arthur Hall
628,Brandon Hall
629,Cory Hall
630,Dale Hall
631,E.K. Hall
632,Galen Hall
633,Will Hall
634,James Halligan
635,Curley Hallman
636,Thomas Hamilton
637,Charles Hammett
638,Thomas Hammock
639,S.M. Hammond
640,T.S. Hammond
641,J.W. Hancock
642,Dick Hanley
643,Vic Hanson
644,Jack Harbaugh
645,Jim Harbaugh
646,Lewie Hardage
647,Wayne Hardin
648,Jack Harding
649,Hank Hardwick
650,Bill Hargiss
651,Jim Harkema
652,E.H. Harlan
653,Dick Harlow
654,Harvey Harman
655,Tom Harp
656,Jesse Harper
657,Tom Harper
658,Warren Harper
659,Walt Harris
660,John Harrison
661,Bryan Harsin
662,C.J. Hart
663,Dave Hart
664,J.B. Hart
665,Wayne Hart
666,Harry Hartsell
667,G.H. Harvey
668,M.H. Harvey
669,Ken Hatfield
671,Percy Haughton
672,George Hauser
673,Dan Hawkins
674,Jesse Hawley
675,Billy Hayes
676,E.C. Hayes
677,Tom Hayes
678,Woody Hayes
679,Ward Haylett
680,Paul Haynes
681,Michael Haywood
682,Homer Hazel
683,Darrell Hazell
684,Will Healy
685,Pudge Heffelfinger
686,Ernest Hefferle
687,Jack Hegarty
688,John Heisman
689,Mark Helfrich
690,Clay Helton
691,Kim Helton
692,Tyson Helton
693,Gus Henderson
694,Horace Hendrickson
695,Dan Henning
696,Gwinn Henry
697,J.H. Henry
698,George Henshaw
699,Tom Herman
700,A.E. Hernstein
701,A.E. Herrnstein
702,James Herron
703,Bill Hess
704,Jim Hess
705,Josh Heupel
706,J.O. Heyworth
707,Charles Hickey
708,James Hickey
709,Bob Hicks
710,Bob Higgins
711,Patrick Higgins
712,Billy Hildebrand
713,Fitz Hill
714,Jess Hill
715,Pat Hill
716,Jim Hilles
717,Gerald Hines
718,Terry Hoeppner
719,A.C. Hoffman
720,Jim Hofher
721,Brady Hoke
722,Stuart Holcomb
723,Dana Holgorsen
724,Bill Hollenback
725,Jack Hollenback
726,William Hollenback
727,Doc Holliday
728,O.E. Hollingbery
729,Joe Hollis
730,Charles Hollister
732,Tom Holmoe
733,Mike Holovak
734,Edgar Holt
735,Nick Holt
736,Fred Holtkamp
737,Lou Holtz
738,Skip Holtz
739,Danny Hope
740,Jay Hopson
741,James Horne
742,Bill Horr
743,M.H. Horr
744,Babe Horrell
745,Jeff Horton
746,Jeff Horton
747,Mike Houston
748,Douglas Legate Howard
749,Frank Howard
750,Wayne Howard
751,Dixie Howell
752,Homer Hubbard
753,Mark Hudspeth
754,Tommy Hudspeth
755,Charles Huff
756,George Huff
757,Berl Huffman
758,Harry Hughes
759,Claude Hunt
760,Joel Hunt
761,Shy Huntington
762,Vic Hurt
763,Charles Hutchins
764,Ralph Hutchinson
765,Mark Hutson
766,E.J. Hyde
768,Rob Ianello
769,Jack Ingersoll
770,Cecil Ingram
771,Jonas Ingram
772,William Ingram
773,Burton Ingwersen
774,Jerry Ippoliti
775,Cecil Isbell
776,Mark Ivey
777,Jeff Jagodzinski
778,Don James
779,George James
780,Alpha Jamison
781,J. Janvier
782,John Jardine
783,John Jenkins
784,Morley Jennings
785,William Jennings
786,Alexander Jerrems
787,Mike Jinks
788,Alton Johnson
789,Bobby Johnson
790,Curtis Johnson
791,Edward Johnson
792,Ellis Johnson
793,Jimmy Johnson
794,Paul Johnson
795,Walter Johnson
796,Julius Johnston
797,Biff Jones
798,Butch Jones
799,Gomer Jones
800,Howard Jones
802,June Jones
803,Larry Jones
804,Pat Jones
805,Tad Jones
806,Ralph Jordan
807,Barry Lunney Jr.
808,William Juneau
809,Joe Kapp
810,Bob Kappes
811,Al Kawal
812,Tom Keady
813,Bobby Keasler
814,Willis Keinholtz
815,W.S. Keinholz
816,Ollie Keller
817,Thomas Kelley
818,Brian Kelly
819,Chip Kelly
820,Choc Kelly
821,Thomas Kelly
822,Doc Kennedy
823,Maury Kent
824,Robert Kent
826,Bill Kern
827,Andrew Kerr
828,Geoffrey Keyes
829,Walter Kichefski
830,William Kienholz
831,Eric Kiesau
832,Lane Kiffin
833,Monte Kiffin
834,Jerry Kill
835,Edwin Kimball
836,Frank Kimbrough
837,Billy Kinard
838,Al Kincaid
839,Joe Kines
840,DeWayne King
841,Edward King
842,J.T. King
843,Phil King
844,Robert King
845,Kliff Kingsbury
846,Harry Kipke
847,Alton Kircher
848,A.D. Kirwan
849,Tim Kish
850,Jimmy Kitts
851,Noble Kizer
852,Chris Klieman
853,William Kline
854,Tony Knap
855,Alden Knipe
856,Mike Knoll
857,Brian Knorr
858,Greg Knox
859,Herman Koehler
860,Vic Koenning
861,Dirk Koetter
862,Harold Kopp
863,Dave Kragthorpe
864,Steve Kragthorpe
865,Roy Kramer
866,Joe Krivak
867,Leon Kromer
868,Mike Kruczek
869,Gil Krueger
870,Phil Krueger
871,Sean Kugler
872,Joe Kuharich
873,Frank Kush
874,Frank Kyle
875,Bert LaBrucherie
876,Larry Lacewell
877,Hal Lahar
878,Jimmy Lake
879,Brad Lambert
880,Jim Lambright
881,Maxie Lambright
882,Otis Lamson
883,Orian Landreth
884,J.R. Langley
885,Dan Lanning
886,Bob LaPointe
887,Tim Lappano
888,L.L. Larson
889,Swede Larson
890,Jim LaRue
891,Rhett Lashlee
892,Frank Lauterbur
893,Billy Laval
894,Rudy Lavik
895,Don Lawrence
896,Elmer Layden
897,Biff Lea
898,Clark Lea
899,Mike Leach
900,Frank Leahy
901,William Leary
902,Jack Leavenworth
903,Jim Leavitt
904,Clyde Lee
905,David Lee
906,Lance Leipold
907,Pete Lembo
908,Jack Lengyel
909,Roy Lester
910,Tim Lester
911,George Levene
912,Tony Levine
913,Marv Levy
914,Adolph Lewandowski
915,Art Lewis
916,Bill Lewis
917,Kemp Lewis
918,Sean Lewis
919,Tom Lichtenberg
920,Tom Lieb
921,John Van Liew
922,Harry Lightsey
923,Alexander Lilley
924,Justa Lindgren
925,Adrian Lindsey
926,Chip Lindsey
927,Maurice Linguist
928,George Little
929,Lou Little
930,Clyde Littlefield
931,Seth Littrell
932,Mike Locksley
933,Scot Loeffler
934,Steve Logan
935,Mike London
936,Chuck Long
937,Rocky Long
938,Tubby Long
939,Frank Longman
940,Jim Lookabaugh
941,Tom Lovat
942,Fred Lowenthal
943,Guy Lowman
944,Sonny Lubick
945,Milo Lude
946,C.A. Lueder
947,Al Luginbill
948,Matt Luke
949,Chad Lunsford
950,Snorter Luster
951,Bill Lynch
952,E.T. MacDonnell
953,George MacIntyre
954,Mike MacIntyre
955,Jim MacKenzie
956,John Mackovic
957,Dick MacPherson
958,Joseph Maddock
959,Slip Madigan
960,Frank Maile
961,Johnny Majors
962,Bill Mallory
963,Frank Maloney
964,Gus Malzahn
965,Mark Mangino
966,George Mans
967,Steve Mariucci
968,Lee Marks
969,Larry Marmie
970,N.A. Marriam
971,Doug Marrone
972,Abe Martin
973,Ben Martin
974,Chuck Martin
975,Dan Martin
976,Doug Martin
977,William Martin
978,A.A. Mason
979,Derek Mason
980,Frank Mason
981,Glen Mason
982,Tom Mason
983,Tony Mason
984,Bernie Masterson
985,Chuck Mather
986,John Maulbetsch
987,John Mayhew
988,Ron McBride
989,Don McCallister
990,Dan McCarney
991,Bill McCartney
992,Leon McCarty
993,William McCauley
994,Dave McClain
995,Bryan McClendon
996,Charles McClendon
997,Andy McCollum
998,T.T. McConnell
999,Walter McCornack
1000,C.J. McCoy
1001,Elmer McDevitt
1002,E.T. McDonald
1003,Jim McDonald
1004,Ned McDonald
1005,Gene McDowell
1006,Jim McElwain
1007,Gene McEver
1008,Henry McEver
1009,John McEwan
1011,Mike McGee
1012,Henry McGlew
1013,Dan McGugin
1014,Joey McGuire
1015,Mont McIntire
1016,John McIntosh
1017,John McKay
1018,Ross McKechnie
1019,John McKee
1020,Allyn McKeen
1021,Ed McKeever
1022,John McKenna
1023,John McKnight
1024,George McLaren
1025,DeOrmond McLaughry
1026,John McLean
1027,Greg McMackin
1028,Mark McMahon
1029,Johnnie McMillan
1030,Bo McMillin
1031,Joe McMullen
1032,William McMurray
1033,Ruffin McNeill
1034,Robert McNeish
1035,James McWeeney
1036,David McWilliams
1037,Jack Meagher
1038,Hal Medford
1039,Chick Meehan
1040,Bill Meek
1041,Harry Mehre
1042,George Melinkovich
1043,Bronco Mendenhall
1044,Edwin Merrick
1045,Bernard Mertes
1046,W.E. Metzenthin
1047,Sol Metzger
1048,Dutch Meyer
1049,Ron Meyer
1050,Urban Meyer
1051,Joe Meyers
1052,Bill Michael
1053,Al Michaels
1054,Mike Michalske
1055,John Michelosen
1056,Dennis Michie
1057,C.P. Miles
1058,Les Miles
1059,Trent Miles
1060,Alex Miller
1061,F.S. Miller
1062,Henry Miller
1063,Jim Miller
1064,John Miller
1065,Rip Miller
1066,Floyd Millet
1067,Walter Milligan
1068,Chuck Mills
1069,Enoch Mills
1070,Joe Mills
1071,Jack Minds
1072,Rick Minter
1073,Hal Mitchell
1074,Jack Mitchell
1075,Odus Mitchell
1076,Gary Moeller
1077,Joe Moglia
1078,Al Molde
1079,Jack Mollenkopf
1080,Charley Molnar
1081,Bill Mondt
1082,W.J. Monilaw
1083,Jeff Monken
1084,Todd Monken
1085,Tommy Mont
1086,Philip Montgomery
1087,Scottie Montgomery
1088,Shane Montgomery
1089,Lee Moon
1090,Bernie Moore
1091,Bud Moore
1092,Jerry Moore
1093,Joe Moorhead
1094,John Moorhead
1095,Jim Mora
1096,Charley Moran
1097,J.P. Moran
1098,David Morey
1099,Dell Morgan
1100,Chad Morris
1101,Joe Morrison
1102,Ray Morrison
1103,Guy Morriss
1105,Don Morton
1106,Slick Morton
1107,Frank Moseley
1108,Bubs Mosley
1109,Perry Moss
1110,Arthur Mosse
1111,Darrell Mudra
1112,Dan Mullen
1113,Tuffy Mullison
1114,John Mumford
1115,Hal Mumme
1116,George Munger
1117,Biggie Munn
1118,Billy Murphy
1119,Fred Murphy
1121,Jack Murphy
1122,Tim Murphy
1123,Bill Murray
1124,Frank Murray
1125,Will Muschamp
1126,A.T. Myers
1127,Denny Myers
1128,Jim Myers
1129,Walt Nadzak
1131,Ray Nagel
1132,Billy Napier
1133,Pat Narduzzi
1134,Greasy Neale
1135,O.E. Neale
1136,Jess Neely
1137,John Neff
1138,Don Nehlen
1139,Harry Nelly
1140,Corky Nelson
1141,Spike Nelson
1142,Mike Neu
1143,Rick Neuheisel
1144,Doc Newton
1145,Samuel Newton
1146,Bob Neyland
1147,Ken Niumatalolo
1148,Charles Noble
1149,Dennis Nolan
1150,Gary Nord
1151,Nelson Norgren
1152,Homer Norton
1153,Jay Norvell
1154,Mike Norvell
1155,Joe Novak
1156,Paul Noyes
1157,Thomas Nugent
1159,Houston Nutt
1160,Bunny Oakes
1161,Tommy O'Boyle
1162,Bill O'Brien
1163,Tom O'Brien
1164,Mike O'Cain
1165,John O'Connor
1166,Patrick O'Dea
1167,Howard Odell
1168,Barry Odom
1169,Cleo O'Donnell
1170,Dick Offenhamer
1171,George O'Hearn
1172,H.B. Olcott
1173,Herman Olcott
1174,George O'Leary
1175,Jordan Olivar
1176,Bill Oliver
1177,Tex Oliver
1178,Al Onofrio
1179,Bennie Oosterbaan
1180,Ed Orgeron
1181,Tom Osborne
1182,John Outland
1183,Bennie Owen
1184,Jim Owens
1185,Lee Owens
1186,Jack Owsley
1187,Bill Pace
1188,Bob Padilla
1189,Pat Page
1190,Norman Paine
1191,Fred Pancoast
1192,Bill Parcells
1193,Jack Pardee
1194,Gerad Parker
1195,Red Parker
1196,Stan Parrish
1197,Ara Parseghian
1198,Charlie Partridge
1199,Paul Pasqualoni
1200,Joe Paterno
1201,Gary Patterson
1202,Pat Patterson
1203,James Patton
1204,Norman Payne
1205,Joe Peace
1206,Francis Peay
1207,Dean Pees
1208,Bo Pelini
1209,Carl Pelini
1210,Charley Pell
1211,Chris Pella
1212,Ray Perkins
1213,George Perles
1214,Doyt Perry
1215,Chris Petersen
1216,Bill Peterson
1217,Bobby Petrino
1218,Paul Petrino
1219,Jerry Pettibone
1220,James Phelan
1221,Bum Phillips
1222,Joker Phillips
1223,E.T. Pickering
1224,Andy Pilney
1225,Gary Pinkel
1226,Joseph Pipal
1227,Jim Pittman
1228,Sam Pittman
1229,Boozer Pitts
1230,James Pixlee
1231,J.E. Platt
1232,Gresham Poe
1233,Johnny Poe
1234,Brian Polian
1235,J.W.H. Pollard
1236,John Pont
1237,Larry Porter
1238,Frank Potts
1239,Walter Powell
1240,Warren Powers
1241,Irving Pray
1242,Glenn Presnell
1243,Edwin Price
1244,J.C. Price
1246,Mike Price
1247,Nibs Price
1248,Ron Prince
1249,Earl Pritchard
1250,Joe Pritchard
1251,Tommy Prothro
1252,Bob Pruett
1253,Jeremy Pruitt
1254,Brent Pry
1255,Dave Puddington
1256,G.E. Pyle
1257,Jan Quarless
1258,Jeff Quinn
1259,Harry Rabenhorst
1260,David Rader
1261,Leonard Raffensperger
1262,Ricky Rahne
1263,Ellis Rainsberger
1264,John Ralston
1265,Sonny Randle
1266,Rick Rasnick
1267,John Ray
1268,Don Read
1269,Henry Redd
1270,Daniel Reed
1271,Tom Reed
1272,Chuck Reedy
1273,Trevor Rees
1274,Joe Reeves
1275,Bo Rein
1276,L.W. Reiss
1277,Joseph Restic
1278,Billy Reynolds
1279,Pete Reynolds
1281,Paul Rhoads
1282,John Rhodes
1283,Matt Rhule
1284,Homer Rice
1285,John Richards
1286,J.R. Richards
1287,Mark Richt
1288,Lincoln Riley
1289,Mike Riley
1290,J. Rix
1291,Paul Roach
1292,Fred Robbins
1293,Dave Roberts
1294,Steve Roberts
1295,Sam Robertson
1296,Edward Robinson
1297,Greg Robinson
1298,Harvey Robinson
1299,John Robinson
1300,Sid Robinson
1301,Knute Rockne
1302,Pepper Rodgers
1303,Oscar Rodriguez
1304,Rich Rodriguez
1305,Darryl Rogers
1306,Rat Rogers
1307,Tom Rogers
1308,Nick Rolovich
1309,E. Lowell Romney
1310,Ott Romney
1311,John Roning
1312,Ted Roof
1313,Bill Roper
1314,Kurt Roper
1315,Glen Rose
1316,Tim Rose
1317,Bobby Ross
1318,Tom Rossley
1319,Claude Rothgeb
1320,Matt Rothwell
1321,Reddy Rowe
1322,Darrell Royal
1323,Clive Rush
1324,John Russ
1325,H.N. Russell
1326,Rod Rust
1327,R.B. Rutherford
1328,Jack Ryan
1329,Jack Ryder
1330,Lou Saban
1331,Nick Saban
1332,Charlie Sadler
1333,Joe Salem
1334,Louis Salmon
1335,Tony Samuel
1337,Red Sanders
1338,Foster Sanford
1339,George Sanford
1340,Mike Sanford
1341,Phil Sarboe
1342,Steve Sarkisian
1343,Moody Sarno
1344,Ralph Sasse
1345,Scott Satterfield
1346,George Sauer
1347,Bud Saunders
1348,William Saunders
1349,Anthony Savage
1350,Mack Saxon
1351,Butch Scanlon
1352,Chris Scelfo
1353,Dick Scesniak
1354,Bo Schembechler
1355,H.R. Schenker
1356,Rip Scherer
1358,Paul Schissler
1359,Merle Schlosser
1360,Francis Schmidt
1361,Howard Schnellenberger
1362,Paul Schudel
1363,Henry Schulte
1364,Marchy Schwartz
1365,Ben Schwartzwalder
1366,Brad Scott
1367,Jeff Scott
1368,Xen Scott
1369,Doug Scovil
1370,Tom Sebring
1371,Carl Selmer
1372,Scott Shafer
1373,Randy Shannon
1374,Jimmy Sharpe
1375,Clark Shaughnessy
1376,Frank Shaughnessy
1377,Buck Shaw
1378,David Shaw
1379,Terry Shea
1380,Shack Shealy
1381,Joseph Sheeketski
1382,James Sheldon
1383,Chuck Shelton
1384,Henry Shenk
1385,Mike Sheppard
1386,Dick Sheridan
1387,Mike Sherman
1388,Jackie Sherrill
1389,Ralph Sherwin
1390,Ted Shipkey
1391,Charles Shira
1392,Bernie Shively
1393,Jim Shofner
1394,Mike Shula
1395,Fritz Shurmur
1396,Larry Siemering
1397,Jules Sikes
1398,Ryan Silverfield
1399,Bob Simmons
1400,Matt Simon
1401,Claude Simons
1402,Chauncey Simpson
1403,Jess Simpson
1404,Dan Simrell
1405,Kalani Sitake
1406,Steve Sloan
1407,R.C. Slocum
1408,Kirby Smart
1409,Andy Smith
1410,Clyde Smith
1411,Dave Smith
1412,Fred Smith
1413,Homer Smith
1414,John Smith
1415,Jonathan Smith
1416,Larry Smith
1417,Lovie Smith
1418,Richard Smith
1419,Rod Smith
1420,W.C. Smith
1421,Henry Smither
1422,Carl Snavely
1423,Bill Snyder
1424,Bruce Snyder
1425,Charlie Snyder
1426,Mark Snyder
1427,Ossie Solem
1428,Frank Solich
1429,Lou Spanos
1430,William Spaulding
1431,Jake Spavital
1432,Frank Spaziani
1433,Clarence Spears
1434,Cliff Speegle
1435,Frederick Speik
1436,Steve Spurrier
1437,Tal Stafford
1439,Gene Stallings
1440,Dutch Stanley
1441,Jim Stanley
1442,Clay Stapleton
1443,Clarence Stasavich
1444,Ralph Staub
1445,N.P. Stauffer
1446,Kevin Steele
1448,Herman Stegeman
1449,Herman Steiner
1450,Mal Stevens
1451,Tally Stevens
1452,Bill Stewart
1453,Edward Stewart
1454,James Stewart
1455,H.O. Stickney
1456,Tom Stidham
1457,John Stiegman
1458,Jumbo Stiehm
1459,Lynn Stiles
1460,Lon Stiner
1461,Harry Stiteler
1462,Chuck Stobart
1463,Mike Stock
1464,Rick Stockstill
1465,Nelson Stokley
1466,Cal Stoll
1467,Dennis Stolz
1468,Alex Stone
1469,John Stone
1470,Bob Stoops
1471,Mark Stoops
1472,Mike Stoops
1473,Jerry Stovall
1474,Leo Strang
1475,Don Strock
1476,Charlie Strong
1478,Abe Stuber
1479,Charles Studley
1480,Harry Stuhldreher
1481,Bob Stull
1482,Pat Sullivan
1483,R.L. Sullivan
1484,Kevin Sumlin
1485,Tyson Summers
1486,Jon Sumrall
1487,Sal Sunseri
1488,Jim Sutherland
1489,Jock Sutherland
1490,Bob Sutton
1491,Stanley Sutton
1492,Wayne Sutton
1493,Fred Swan
1494,Jim Sweeney
1495,Edwin Sweetland
1496,E.R. Sweetland
1497,Dabo Swinney
1498,Barry Switzer
1499,Willie Taggart
1500,Trusty Tallman
1501,Augie Tammariello
1502,Charlie Tate
1503,William Tate
1504,Jim Tatum
1505,Vai Taua
1506,Chuck Taylor
1507,Fred Taylor
1508,Kip Taylor
1509,Grant Teaff
1510,Gus Tebell
1511,Jeff Tedford
1512,Buddy Teevens
1513,Jon Tenuta
1514,Lou Tepper
1515,Ralph Thacker
1516,Roger Theder
1517,Glenn Thistlethwaite
1518,Frank Thomas
1519,Frank Thompson
1520,John Thompson
1521,Joseph Thompson
1522,Fred Thomsen
1523,Tiny Thornhill
1524,J.J. Tigert
1525,Joe Tiller
1526,S.D. Tilson
1527,Gaynell Tinsley
1528,E.M. Tipton
1529,Jeff Tisdel
1530,Robert Titchenal
1531,Billy Tohill
1532,Bob Toledo
1533,Rick Tolley
1534,Ted Tollner
1535,Dick Tomey
1536,John Tomlin
1537,Carl Torbush
1538,Chris Tormey
1539,Gary Tranquill
1540,Jeff Traylor
1541,Don Treadwell
1542,T.C. Trenchard
1543,Jim Tressel
1544,Irl Tubbs
1545,Tommy Tuberville
1546,Mel Tucker
1547,Marques Tuiasosopo
1548,L.C. Turner
1549,Ron Turner
1550,Alvin Twitchell
1551,Bob Tyler
1552,P.W. Underwood
1553,Doc Urich
1554,Elliot Uzelac
1555,Louis Vail
1556,James Valek
1557,Bob Valesente
1558,Ron Vanderlinden
1559,Pie Vann
1560,Harry Varner
1561,Harry Vaughn
1562,John Vaught
1563,George Veenker
1564,Don Veller
1565,Brent Venables
1566,Rick Venturi
1567,Dick Vermeil
1568,Matt Viator
1570,Robert Voigts
1572,Richard Voris
1573,Carl Voyles
1574,Jim Wacker
1575,Frank Wade
1576,Wallace Wade
1578,Julius Wagner
1579,Jim Walden
1580,Scotty Walden
1581,Pappy Waldorf
1582,D.C. Walker
1583,DeWayne Walker
1584,Ed Walker
1585,Hilman Walker
1586,Randy Walker
1587,Wade Walker
1588,Bobby Wallace
1589,Dwight Wallace
1590,Bill Walsh
1591,Jerry Wampfler
1592,Dave Wannstedt
1593,Dallas Ward
1594,Lorenzo Ward
1595,Robert Ward
1596,William Ward
1597,Murray Warmath
1598,Pop Warner
1599,William Warner
1600,John Warren
1601,Rice Warren
1602,W. Warren
1603,Bill Wasmund
1604,Frank Waters
1605,W.H. Watkins
1606,Jack Watson
1607,Morris Watts
1608,R.N. Watts
1609,Charlie Weatherbie
1610,DeWitt Weaver
1611,Doug Weaver
1612,Jim Weaver
1613,Archie Webb
1614,Bob Weber
1615,Bill Weeks
1616,Harrison Weeks
1617,Charlie Weis
1618,Gus Welch
1619,Ralph Welch
1620,Matt Wells
1621,George Welsh
1622,Tommy West
1623,H.M. Wheaton
1624,Neil Wheelwright
1625,John Whelchel
1626,Mark Whipple
1627,Berry Whitaker
1628,Arthur White
1629,J.L. White
1630,Mike White
1631,Mickey Whitehurst
1632,Kevin Whitley
1633,W.S. Whitney
1634,Kyle Whittingham
1635,Ears Whitworth
1636,Jennings Whitworth
1637,Frank Wickhorst
1638,Carroll Widdoes
1639,Woody Widenhofer
1640,Tad Wieman
1641,Paul Wiggin
1642,John Wilce
1643,Justin Wilcox
1644,Bobby Wilder
1645,Bud Wilkinson
1646,Sam Willaman
1647,Bob Williams
1648,Bobby Williams
1649,C.R. Williams
1650,Donte Williams
1651,Henry Williams
1652,Ed Williamson
1653,Ivy Williamson
1654,Richard Williamson
1655,Tyrone Willingham
1656,Ray Willsey
1657,Barry Wilson
1658,Frank Wilson
1659,Ken Wilson
1660,Kevin Wilson
1661,Red Wilson
1662,Tom Wilson
1663,Edgar Wingard
1664,J.J. Winn
1665,Robert Winslow
1666,Wallie Winter
1667,M.E. Witham
1668,Myron Witham
1669,Everett Withers
1670,Paul Withington
1671,Dutch Witte
1672,Bernie Witucki
1673,Raymond Wolf
1675,Alex Wood
1676,Jim Wood
1677,Joseph Wood
1678,William Wood
1679,Bob Woodruff
1680,George Woodruff
1681,Jeff Woodruff
1682,Chris Woods
1683,Sparky Woods
1684,Warren Woodson
1685,Chalmer Woodward
1686,Mike Working
1687,C. Noel Workman
1688,Brian Wright
1689,Paul Wulff
1690,Bowden Wyatt
1691,Sam Wyche
1692,C.A. Wynne
1693,Chet Wynne
1694,Kemper Yancey
1695,Jim Yeager
1696,Bill Yeoman
1697,Fielding Yost
1698,Jim Young
1699,Ralph Young
1700,Tom Young
1701,John Yovicsin
1702,Joseph Yukica
1703,Bill Yung
1704,Ed Zaunbrecher
1705,Fred Zechman
1706,Ron Zook
1707,Robert Zuppke
1708,Rebecca Kelley
1709,Jasmine Olsen
1710,Mr. Justin Chandler
1711,Thomas Ruiz
1712,Miss Anna Torres
1713,Charles Gilbert
1714,Richard Richardson
1715,Misty Ramirez
1716,Ryan Cooley
1717,Gregory Maxwell
1718,Adam Townsend
1719,Jennifer Adams
1720,Audrey Allen DVM
1721,Margaret Sanders
1722,David Murphy
1723,Candice Prince
1724,Michael Goodwin
1725,John Smith
1726,Jessica Jackson
1727,Jack Levy
1728,Joshua Bradley
1729,Tami Vance
1730,Tina Donovan
1731,Jason Palmer
1732,Gabrielle Robinson
1733,Emily Morgan
1734,Brandon May
1735,Krystal Peterson
1736,Dawn Bautista
1737,Joseph Harris
1738,Christopher Zuniga
1739,Robert Henderson
1740,Kathy Brewer
1741,Jeremy Kirk
1742,Christine Fisher
1743,Traci King
1744,Michael Lopez
1745,Felicia Tran
1746,Elizabeth Silva
1747,David Luna
1748,Jennifer Lopez
1749,Jordan Mccoy
1750,Adam White
1751,Cody Walker
1752,Matthew Mcintosh
1753,Rachel Browning
1754,Samantha Bailey
1755,Jon Rodgers
1756,Robert Nichols
1757,Angel Garcia
1758,April Simon
1759,Michael Wade
1760,Matthew Mann
1761,Jamie Hernandez
1762,Beth Smith
1763,Dominic Hancock
1764,Laura Hammond
1765,Megan Cunningham
1766,Christina Watson
1767,Joanna Holmes
1768,William Silva
1769,James Edwards
1770,Jonathan Torres
1771,Amanda Garcia
1772,David Fuller
1773,Nicole Rodriguez
1774,Hannah Kidd
1775,Lauren Taylor
1776,Jessica Fitzgerald
1777,Samantha James
1778,Jessica Perez
1779,Kara Adams
1780,Kimberly Green
1781,Leslie Serrano
1782,Joseph Trujillo
1783,Bailey Acosta
1784,Derek Allen
1785,Shari Lewis
1786,Lisa Reese
1787,Brittany Parker
1788,Joseph Roberts
1789,Tanya Garcia
1790,Joseph Bautista
1791,Janice Lewis
1792,Mary Harris
1793,Susan Robinson
1794,Jason Moore
1795,Andrew Holt
1796,Jade Reyes
1797,Jeffrey Schaefer
1798,Timothy Huff
1799,Donna Hernandez
1800,Douglas Campos
1801,Carolyn Jarvis
1802,Michael Ford
1803,Troy Hansen
1804,Timothy Khan
1805,James Hawkins
1806,Richard Ibarra
1807,William Young
1808,Shelia Wolfe
1809,Paige French
1810,Jose Haas
1811,Kayla Lucas
1812,Robert Gomez
1813,Christine Sullivan
1814,Gina King
1815,Wendy Robinson
1816,Nicole Barry
1817,Debbie Gonzales
1818,David Colon
1819,Mia Carter
1820,Carly Owens
1821,Barbara Travis
1822,Nathan French
1823,Patrick Alvarez
1824,Alexandria Perez
1825,Tony Bennett
1826,Karen Walter
1827,Laura Henson
1828,Dorothy Harris
1829,James Rivera
1830,Clarence Braun
1831,Rebecca Brown
1832,Jeffrey Morris
1833,David Zhang
1834,David Stone
1835,Dorothy Marshall
1836,Tammy Wood
1837,Matthew Moran
1838,Elizabeth Sandoval
1839,Whitney Stewart
1840,David Wilson
1841,Michael Waters
1842,Gary Schneider Jr.
1843,Anna Rojas
1844,Ann Davis
1845,Michael Nichols
1846,David Wright
1847,Kimberly Garrett
1848,Adam Jones
1849,Jennifer Klein
1850,Peggy Donovan
1851,Samuel Davis
1852,Greg Herman
1853,Jacqueline Clark
1854,Christina Jenkins
1855,Tasha Smith
1856,Nichole Cobb
1857,Jennifer Lopez
1858,Carla Duncan
1859,Jessica Weiss
1860,Michael Summers
1861,Shawn Lowery
1862,Eric Lewis
1863,Jennifer Dickerson
1864,Steven Marsh
1865,Travis Smith
1866,Cassandra Cameron
1867,Gabriela Hull
1868,Sharon Armstrong
1869,Matthew Harvey
1870,Derrick Ponce
1871,Danielle Gonzalez
1872,Thomas Wang
1873,Nicole Powell
1874,Joshua Russell
1875,Joseph Wall
1876,Mr. David Booth
1877,Adam Fernandez
1878,Lauren Vargas
1879,Mitchell Ryan
1880,Sean Wright
1881,Kayla Rojas
1882,Faith Carr
1883,Michael Martin
1884,Anthony Mendoza
1885,Eric Brady
1886,David Guzman
1887,Kevin Williams
1888,Dr. Justin Smith PhD
1889,Shawn Gray
1890,David Rose
1891,Maria Harvey
1892,Lori Gamble
1893,Brian Green
1894,Luis Parker
1895,Dorothy Jackson
1896,Jonathan Silva
1897,David Mullins
1898,Michael Hernandez
1899,Margaret Wilson
1900,Michael Moore
1901,Kyle Hansen
1902,Kevin Richards
1903,Marvin Townsend
1904,Ebony Barron
1905,Megan Kennedy
1906,Amanda Baker
1907,William Murphy
1908,Seth Harrison
1909,Sandra Dalton
1910,Andrea Riley
1911,Jennifer Anderson
1912,Marisa Thomas
1913,Mary Rogers
1914,Kayla Mccoy
1915,Lacey Thompson
1916,Sara Meyer
1917,Stephen Wallace
1918,Suzanne Atkins
1919,Jason Melton
1920,Jennifer Marsh
1921,Levi Nelson
1922,Elizabeth Myers
1923,Paul Rocha
1924,Heidi Perez
1925,Elizabeth Mooney
1926,Jennifer Curry
1927,Jason Curry
1928,Daniel Graham
1929,Evelyn Carlson
1930,Lindsay Hayes
1931,Oscar James
1932,Cassandra Howard
1933,Elizabeth Bennett
1934,Jacob Martinez
1935,Jonathan Foster
1936,Nancy Reyes
1937,Krista Barr
1938,Anna Harris
1939,Andrew Spence
1940,Jessica Campbell
1941,David Carpenter
1942,Ann Johnson MD
1943,Joshua Nelson
1944,Shaun Wright
1945,Danielle Holt
1946,Jack Ramos
1947,Pamela Reyes
1948,Kelly Vasquez
1949,Leah Serrano
1950,Michelle Larson
1951,George Cline
1952,Kevin Alexander
1953,Leslie Duncan
1954,Benjamin Gates
1955,Curtis Clayton
1956,James Newton
1957,Joshua Castro
1958,Justin Perez
1959,Cindy Jones
1960,Roberta Fuller
1961,Joseph Hubbard
1962,Debbie Rios
1963,Natasha Ibarra
1964,Tammy Jimenez
1965,Michelle Anderson
1966,Raymond Rivera
1967,Chad Wall
1968,Maria Weber
1969,Veronica Salazar
1970,Brittany Roberts
1971,Gina Gallagher
1972,Stephanie Wall
1973,Ashley Robinson
1974,Todd Fitzgerald
1975,Catherine Mcdonald
1976,Kayla Stone
1977,Robert Butler
1978,Sarah Hernandez
1979,Jonathan Blankenship
1980,Thomas Torres
1981,Nicole Morgan
1982,Morgan Norman
1983,Mary Blanchard
1984,John Mccarty
1985,Danielle Johnson
1986,Nathaniel Stevens
1987,Matthew Kennedy
1988,Carlos Thomas
1989,Mr. Kenneth Miller II
1990,David Blackwell
1991,Brandon Gibson
1992,Elizabeth Moreno
1993,Nicholas Jackson
1994,Cassidy Nguyen
1995,Dylan Thomas
1996,Samantha Jones
1997,Richard Summers
1998,Marcus Hopkins
1999,Wendy Arnold
2000,Adriana Macias
2001,Natalie Hernandez
2002,Raymond Wright
2003,Nicole Rodriguez
2004,Jennifer Hines
2005,Keith Johnson
2006,Christine Bailey
2007,Carla Gonzalez
2008,Lawrence Lowery
2009,Peter Reyes
2010,Jessica Vargas
2011,David Williams
2012,Roger Rodriguez
2013,Robert Adams
2014,Lisa Mcdonald
2015,Marcus Chapman
2016,John Carter
2017,John Jones
2018,Connie Morris
2019,Robert Smith
2020,Steven Austin
2021,Bruce Pitts
2022,Phillip Arnold
2023,Michael Perez
2024,Diane Ayers
2025,Jennifer Steele MD
2026,Dylan Mills
2027,Pamela Sullivan
2028,Pamela Costa
2029,Michelle Garner
2030,Michael Sparks
2031,Jose Cain
2032,Janice Brewer
2033,Michael Salazar
2034,Sara Price
2035,Alison Cabrera
2036,Jessica Hoffman
2037,Jennifer Rivera
2038,Jordan Bailey
2039,Courtney Santana
2040,Joseph Medina
2041,Victoria Barrett
2042,Cheryl Vega
2043,James Torres
2044,Melanie Williams
2045,Amanda Burch
2046,Mikayla Stevens
2047,Richard Gordon
2048,Jennifer Johnson
2049,Tammy Pace
2050,Felicia Bell
2051,Amy Edwards
2052,Jennifer Peck
2053,Tammie Olsen
2054,Audrey Wilkerson
2055,Andrew Thomas
2056,Mark Robbins
2057,Michael Johnson
2058,Nancy Wright
2059,Crystal Kennedy
2060,Christina Hernandez
2061,Paul Moore
2062,Christopher Kelly
2063,Connie Reynolds
2064,Yolanda Knight
2065,Barbara Lucas
2066,Jonathan Shah
2067,John Perry
2068,Lauren Short
2069,Zachary Francis
2070,Regina Dunn
2071,Andrew Ashley
2072,Melissa Garrett
2073,Timothy Hernandez
2074,Hayden Moore
2075,Olivia Ho
2076,Alan Clark
2077,Colton Yates
2078,Kathleen Lawson
2079,Frances Moody
2080,Misty Rodriguez
2081,Debra Nolan
2082,James Odonnell
2083,Brandon Terrell
2084,James Diaz
2085,Molly Martin
2086,Monique Garcia
2087,Darlene Lewis
2088,Anne Walker
2089,Spencer Mercado
2090,Carol Robinson
2091,Danielle Spencer
2092,Jessica Collins
2093,Regina Burch
2094,Laura Dean
2095,Rodney Morales
2096,Daniel Mcintyre
2097,Anna Chambers
2098,Anna Torres
2099,Sharon Lopez
2100,Corey Francis
2101,Richard Johnson
2102,Mrs. Peggy Copeland
2103,Jennifer Dominguez
2104,Steven Cooper
2105,Melissa Davis
2106,Brenda Morrison
2107,Melanie Roman
2108,Michael Trevino
2109,Anna Curtis
2110,Colin Thompson
2111,Kristie Clark
2112,Jonathan Tyler
2113,Marilyn West MD
2114,Manuel Scott
2115,Kara Warren
2116,Dr. Dwayne Miller MD
2117,Andrea Russell
2118,Kari Richards
2119,Evan Smith
2120,John Lopez
2121,Keith Flores
2122,Christopher Wood
2123,Dana Lane
2124,Jessica Perez
2125,Christopher Hernandez
2126,Rebecca Thornton
2127,Anthony Ramsey
2128,James Young
2129,Mary Aguilar
2130,Zachary Hopkins
2131,Richard Hall
2132,Gina Li
2133,Ashley Fuentes
2134,Christine Davis
2135,Sharon Santos
2136,Wayne Cunningham
2137,Stephanie Olson DDS
2138,Tommy Martin
2139,Marc Moreno
2140,Brian Patrick
2141,Anthony Sanders
2142,Tabitha Wheeler
2143,Alicia Johnson
2144,Mr. Anthony Scott MD
2145,Ryan Gates
2146,Crystal Macias
2147,Maria Chan
2148,Raymond Kim
2149,Victor Strickland
2150,Jenna Morales
2151,Laura Lawson
2152,Daniel Harris
2153,Crystal Thomas
2154,Peter Blair
2155,Vicki Jackson
2156,William Willis
2157,Amanda Williams
2158,Robin Larsen
2159,Gregory Lee
2160,Aaron Davis
2161,Amy Chapman
2162,Tyler Short
2163,Robert Calderon
2164,Robert Jones
2165,Susan Dawson
2166,Reginald Allen
2167,David Cardenas
2168,Brianna Cox
2169,Anthony Church
2170,Jason Sanchez
2171,Ethan Harrison
2172,Rebecca Tran
2173,Robin Harvey
2174,Danielle Larson
2175,Alexandra Rubio
2176,Alexander Fisher
2177,Tony Moon
2178,Sharon Moran
2179,Michelle Flowers
2180,Sarah Koch
2181,Christina Sims
2182,Tabitha Collins
2183,Angela Carroll
2184,Austin Torres DDS
2185,Patrick Johnson
2186,Joseph Parks
2187,Christopher Bailey
2188,Shannon Cline
2189,Nancy Nelson
2190,Ashley Sutton
2191,Darren Davenport
2192,Chloe Wright
2193,Matthew Mcintosh
2194,Joyce Jackson
2195,Billy Cabrera
2196,Robert White
2197,Robert Crawford
2198,Ms. Tammy Wolfe
2199,Matthew Lewis
2200,Michael Gilmore
2201,Paige Burns
2202,Teresa Garrison
2203,Megan Glenn
2204,Ryan Cole
2205,Rachel Gonzalez
2206,Daniel Arnold
2207,Nicole Lawson
2208,Juan Collins DDS
2209,Jared Ward
2210,Jamie Grimes DDS
2211,Carly Novak DDS
2212,Diane Jennings
2213,Todd Jackson
2214,Jason Ochoa
2215,Michelle Henderson
2216,Melissa Smith
2217,Jose Gordon
2218,Barbara Montes
2219,Dalton Gutierrez
2220,Melinda Bradford
2221,Kathryn Houston
2222,Austin Smith
2223,Alexis Cortez
2224,Gregory Morris
2225,Daniel Cole
2226,Jennifer Chambers
2227,Karen Silva
2228,Anthony Stewart
2229,Brett Hill
2230,John Nguyen
2231,Willie Cox
2232,Leslie Mullins
2233,Jacob Smith
2234,Scott Edwards
2235,Shawna Smith
2236,Scott Cohen
2237,Melissa Ramirez
2238,Gregory Holland
2239,Marc Warner
2240,Sara Brandt
2241,Christine Strickland
2242,Benjamin Martinez
2243,Michael Mendoza
2244,Katherine Stewart
2245,Tina Miles
2246,James Simmons
2247,Joel Simpson
2248,Daniel Friedman
2249,Andrea Foster
2250,Julie Rose
2251,Lance Montoya
2252,Richard Walls
2253,Frances Meza
2254,Angela Park
2255,Corey Norman
2256,Austin Diaz
2257,Michael Young
2258,Catherine Gonzalez
2259,Allison Graham
2260,Linda Alvarez
2261,Luke King
2262,Tracy Thomas
2263,Samantha Wheeler
2264,Jillian Barrett
2265,Timothy Mahoney
2266,Robert Jones
2267,Lori Mills
2268,Darren Graves
2269,Kimberly Allison
2270,Sean Church
2271,Megan Christensen
2272,Natalie Morgan
2273,Linda Frazier
2274,Juan Frost
2275,Nicole Wilson
2276,Eric Delgado
2277,Joy Roy
2278,Edward Cross
2279,Virginia Johnson
2280,Adrienne Lopez
2281,Cynthia Lee
2282,Brian Smith
2283,Gregory Martinez
2284,Sarah Lynch
2285,Craig Hernandez
2286,Eric Marshall
2287,Lindsey Griffith
2288,Jennifer Boyd
2289,Joe Buchanan
2290,Timothy Howell
2291,Douglas Vazquez
2292,Victoria Wood
2293,Aaron Montoya
2294,Dustin Green
2295,Amber Carter
2296,Megan Garcia
2297,Adam Potter
2298,Kristen Jones
2299,Tara Martin
2300,John Mercado
2301,Amanda Meyer
2302,Mrs. Amber Bennett DDS
2303,Kimberly Johnson
2304,Jennifer Mercado
2305,Adam Bishop
2306,Matthew Smith
2307,Lisa Prince
2308,Kathleen Reed
2309,Jessica Jones
2310,Shaun Glover
2311,David Hayden
2312,Jesus Hall
2313,Ronald Contreras
2314,Elizabeth Lee
2315,Eric Carter
2316,Edward Clark
2317,Amanda Griffin
2318,Kayla Peterson
2319,Alexa Ramsey
2320,Leonard Walter
2321,Carly Howard
2322,Randy Kaiser
2323,Heidi Cummings
2324,Stephanie Taylor
2325,Bobby Khan
2326,Melissa Henderson
2327,Mary Andrews
2328,Mrs. Chelsea Johnston
2329,Brian Bush
2330,Donna Willis
2331,Nicole Li
2332,Eric Coleman
2333,Bradley York
2334,Jason Odonnell
2335,James Reynolds
2336,Andrew Davis
2337,Tammy Williams
2338,Brandon Wells
2339,Brian Galloway
2340,John Taylor
2341,Amy Jones
2342,Tara Griffin
2343,Vanessa Boyd
2344,Theresa Phelps
2345,Anita Butler
2346,Danielle Fry
2347,Keith Wang
2348,Alexandra Newman
2349,Alexis Evans
2350,Laura Chambers
2351,Victor Li
2352,Ashley Martinez
2353,Kevin Lane
2354,Lisa Acevedo
2355,Tammie Flores
2356,Charles Carter
2357,Emily Waller
2358,Robert Wilson
2359,Joseph Nguyen
2360,Diana Gutierrez
2361,Katelyn Padilla
2362,Linda Johnson
2363,Alyssa Clark MD
2364,Evan Lee
2365,Debra Green
2366,Samantha Reed
2367,Sarah Green
2368,Joseph Wright
2369,Lacey Gaines
2370,Michael Smith
2371,Jason Fowler
2372,Anthony Fisher
2373,Tina Hall
2374,Joshua Jones
2375,Shannon Davis
2376,Charles Ramirez
2377,Andrea Collins
2378,John Holland
2379,Joseph Yang
2380,Edward Miller
2381,Jacob Morgan
2382,Fred Humphrey
2383,Jeffrey Ferguson
2384,Jessica Alvarez
2385,Vincent Maldonado
2386,Caitlin Roberts
2387,Anthony Jones
2388,Colleen Curtis
2389,Brittany Hall
2390,Nathan Lopez
2391,Patricia Ortega
2392,Karina Carter
2393,Nancy Wells
2394,David Williams
2395,Catherine Jones
2396,Dylan Watts
2397,Robin Wolf
2398,Vanessa Johnson
2399,Tiffany Donovan
2400,Jennifer Bryant
2401,Candace Dominguez
2402,Elizabeth Murray
2403,Eric Cohen
2404,Lisa Moore
2405,David Clay
2406,Lorraine Nguyen
2407,Thomas Griffith
2408,Nancy Clark
2409,Penny Lindsey
2410,John Green
2411,Mark Ibarra
2412,Patrick Alvarez
2413,Bill Williams
2414,James Ramirez
2415,Matthew Murillo
2416,Matthew Mcknight
2417,Ashley Scott
2418,Samantha Mcdaniel
2419,Nancy Foley
2420,Brian Ward
2421,Jesse Lynch
2422,David Moore
2423,Scott Gutierrez
2424,Laura Smith
2425,Michael Ryan
2426,Jacob Carpenter
2427,Shannon Gordon
2428,Angela Lee
2429,Erica Harrington
2430,Michelle Barker
2431,Andrea Diaz
2432,Daniel Vazquez
2433,Beverly Johnson
2434,Jeremy Calhoun
2435,Robert Owens
2436,Corey Lynch
2437,Tristan Davis
2438,Debra Lee
2439,Todd White
2440,Clayton Turner
2441,Shawn Chapman
2442,Matthew King
2443,James Lynch
2444,Anthony Wilcox
2445,Belinda Olsen
2446,Charles Cruz
2447,Lonnie Hill
2448,Benjamin Martin
2449,Valerie Golden
2450,Kaitlyn Rubio
2451,Teresa Thomas
2452,Susan Hernandez
2453,Juan Edwards
2454,Jessica Garcia
2455,Megan Smith
2456,David Brown
2457,Michael Andrews
2458,Morgan Ross
2459,Jason Reid
2460,Jeffrey Ruiz
2461,Christopher Cole
2462,Dr. Mark Morrison Jr.
2463,Jennifer Knight
2464,Christina White
2465,Walter Williams
2466,Christopher Gomez
2467,Samantha Jones
2468,Joseph Allen
2469,Linda Gomez
2470,Troy Smith
2471,Nathan Fleming II
2472,John Jones
2473,Jason Carroll
2474,Jean Trevino
2475,Alejandro Hays
2476,Michele Carlson
2477,Aaron White
2478,Kevin Jackson
2479,Kristen Coleman
2480,Michael Jones
2481,Christopher Garcia
2482,Nicholas Krueger
2483,Katherine Lawrence
2484,Sarah Yu
2485,Christopher Williams
2486,Sean Rogers
2487,Beverly Barron
2488,Randall Myers
2489,Maria Herrera
2490,Trevor Murray
2491,Amanda Olsen
2492,Dana Robles
2493,Joshua Beard
2494,Donna Moore
2495,Mary Rose
2496,Nicholas Wheeler
2497,John Williams
2498,Amber Jackson
2499,Heidi Mendez
2500,Glenn Giles
2501,Sonya Reed
2502,Ashley Young
2503,John Stephens
2504,Kristen Davis
2505,Karen Shah
2506,Erin Smith
2507,Heather Lopez
2508,Jake Shaffer
2509,Andrea Ray
2510,Lisa Cook
2511,Shawn Neal
2512,Erica Rose
2513,Traci Cunningham
2514,Tara Moore
2515,Ashley Johnson
2516,Amy Bryant
2517,Paul Avila
2518,Melissa Mercer
2519,David Larson
2520,Christopher Macdonald
2521,Stephanie Yoder
2522,Victoria Brown
2523,Scott Arroyo
2524,Karen Lester
2525,Robert Hinton
2526,Gregory Gould
2527,Shannon Smith
2528,John Meyer
2529,Natasha Beasley
2530,Michelle Wallace
2531,Michelle Coleman
2532,Joseph Nguyen MD
2533,Angela Meadows
2534,Jessica Branch
2535,Stephen Brown
2536,Danielle White
2537,Luis Marsh
2538,Kayla Davidson
2539,Joel Warren
2540,Brenda Palmer
2541,Sandra Harris
2542,Richard Roberts
2543,Tristan Novak
2544,William Price
2545,Sierra Moreno
2546,Sarah Valenzuela
2547,Taylor Hopkins
2548,Lindsey Scott
2549,Shannon Dalton
2550,Abigail Robinson
2551,Natalie Dixon
2552,Aaron Young
2553,Monica Williams
2554,Carla Anderson
2555,Mark Carpenter
2556,Pamela Sanchez
2557,Lynn Pham
2558,Steven Kelly
2559,Joshua Marquez III
2560,Samuel Freeman
2561,Lisa Torres
2562,Jennifer Osborn
2563,Kelly Clark
2564,Amanda Bridges
2565,Thomas Fernandez
2566,Beverly Noble
2567,Erica Mueller
2568,Thomas Lloyd
2569,Victor Hughes
2570,Stephanie Taylor
2571,Kristin Haynes
2572,Donald Martinez
2573,Caroline Gonzales
2574,Sharon Butler
2575,Paige Hancock
2576,Kathy Smith
2577,Brian Martin
2578,Susan Clark
2579,Elizabeth Hernandez
2580,David Johnston
2581,Carol Mann
2582,Juan Reynolds
2583,Sheila Perry
2584,Melissa Schmidt
2585,Lori Fisher
2586,Philip Griffin
2587,William Williams
2588,Susan Hernandez
2589,Kyle Jackson
2590,Angela Johnson
2591,Susan Moore
2592,John Adams
2593,Pamela Fernandez
2594,Aaron Byrd
2595,Ricky Martin
2596,Lisa Boone
2597,David Hunter
2598,Emily Thomas
2599,Debra Summers
2600,Kyle Johnson
2601,Hayden Estrada
2602,Edward Daniels
2603,Jesse Martin
2604,Kevin Brewer MD
2605,Kenneth Ramirez
2606,Joseph Larson
2607,Jose Hubbard
2608,Michelle Wade
2609,Terry Parsons
2610,Ethan Palmer
2611,Theresa Williams
2612,Jennifer Young
2613,Shawn Santiago
2614,Karen Russo
2615,Eric Cox
2616,Sarah Rivera
2617,Ariana Buchanan
2618,James Curtis
2619,Michael Brooks
2620,Debra Herrera
2621,Cathy Taylor
2622,Anna Ford
2623,Sarah Raymond
2624,Gina Gonzalez
2625,Cathy Conway
2626,Dr. Rebecca Palmer
2627,James Ramirez
2628,Jason Patel
2629,William Anderson
2630,Sabrina Berger
2631,Benjamin Robinson
2632,Olivia Russell
2633,Ronald Calhoun
2634,Kelly Townsend
2635,Christina Walker
2636,Travis Phillips
2637,Thomas Pham
2638,Shannon Morris
2639,Albert Krueger
2640,Sarah Buchanan MD
2641,Benjamin Stanton
2642,Bradley Adams
2643,James Jones
2644,Jeremy Klein
2645,James Williams
2646,Miranda Shannon
2647,Heather Edwards MD
2648,Alyssa Parker
2649,Kevin Poole
2650,Chelsea Price
2651,Sharon Hayes
2652,Matthew Williams
2653,Bridget Green
2654,Christian Weber
2655,Jesse Dixon
2656,Andrew Smith
2657,Megan Henry
2658,Christopher Whitehead
2659,Mr. Clifford Martin Jr.
2660,Elizabeth Bradley
2661,Kimberly Porter
2662,Carlos Duncan
2663,Jordan Hardy
2664,Alyssa Proctor
2665,Adam Hendrix MD
2666,Cody Allen
2667,Andrew Harris
2668,Kimberly Hudson
2669,Andrea Mccarthy
2670,Danielle Bell
2671,Shannon Vasquez
2672,John Rhodes
2673,Kathleen Perkins
2674,Daniel Ritter
2675,Dr. Joshua Baker
2676,Jennifer Smith
2677,Dwayne Vasquez
2678,Jeremy Vazquez
2679,Alexander Frazier
2680,Tammy Jones
2681,Alexis Lee
2682,Victoria Salazar
2683,Jordan Thomas
2684,Anthony Aguilar
2685,Jose Shah
2686,Tracey Schwartz
2687,Mark Harrison
2688,Kimberly Moore
2689,Marc Thompson DVM
2690,Jennifer Patton
2691,Jason Patterson
2692,Mark Thomas
2693,Miguel Garcia
2694,Kaitlyn Cooper
2695,Tiffany Sullivan
2696,Brett Moore
2697,Matthew Marshall
2698,Keith Koch
2699,Aaron Smith
2700,Toni Donaldson
2701,Mary Lang MD
2702,Joshua Michael
2703,Gregory Olsen
2704,Benjamin Alvarado
2705,Derek Carlson
2706,Cody Ramirez
2707,Mr. Thomas Mack
2708,Courtney Daniel
2709,David Poole
2710,Jerome Willis
2711,Seth Phillips
2712,Brian Flores
2713,Daniel Dixon
2714,Michael Hernandez
2715,Patrick Rubio
2716,Janet Clark
2717,Sandra Garrison
2718,Teresa Robinson
2719,John Brown
2720,Charles Jones
2721,Emily Thomas
2722,Kristin Smith
2723,Richard Pitts
2724,Jaime Mccoy
2725,Olivia Stewart
2726,Russell Thomas
2727,Wayne Meyers
2728,Jessica Gibson
2729,Susan May
2730,Elizabeth Graham
2731,Stephen Lambert
2732,James Wells
2733,Vanessa Perry
2734,Thomas King
2735,Lindsey Turner
2736,Steven Bartlett
2737,Amber King
2738,Jessica Wright
2739,Joe Figueroa
2740,Brent Jensen
2741,Rachel Lawrence
2742,Kenneth Weaver
2743,Valerie Jefferson
2744,Justin Hill
2745,Mason Taylor
2746,Kristy Gill
2747,Roy Walker
2748,Patrick Adams
2749,John Atkinson
2750,Cheryl Campbell
2751,Katherine Johnson
2752,Caitlin Jackson
2753,Adam Martin PhD
2754,Gina Myers
2755,Adrienne Johnson
2756,Joseph Hurley
2757,Brian Li
2758,Tiffany Brown
2759,Jeanette Miller
2760,Tanya Andrews
2761,James Brown
2762,Stephanie Harris
2763,Brenda Larsen
2764,Amanda White
2765,Alicia Delgado
2766,Elizabeth Keller
2767,Timothy Garner
2768,Ruth Mccormick
2769,Daniel Boyd
2770,Karen Blevins
2771,Benjamin Schmidt
2772,Danielle Foster
2773,Melissa Ortiz
2774,Madison Hunter
2775,Brooke Burns
2776,Scott Scott
2777,Samantha Larson
2778,Alison Bailey
2779,Gordon Williams
2780,Timothy Jefferson
2781,Cody Frost
2782,Michael Cameron
2783,Jose Williams
2784,Karen Smith
2785,Jessica Young MD
2786,Mrs. Amy Edwards DDS
2787,Danielle Mendez
2788,Tiffany Thompson
2789,Amy Benitez
2790,Elaine Roberts
2791,Zachary Matthews
2792,Betty Porter
2793,Sean Stewart
2794,Billy Kirby
2795,Elijah Blackwell
2796,Olivia Greene
2797,Robin Hanna
2798,Rickey Gibbs
2799,Kiara Murphy
2800,Brittany Wall
2801,Jeffrey Hopkins
2802,Vickie Hale
2803,Deanna Stewart
2804,Stephanie Richard
2805,Cody Miller
2806,Clifford Hill
2807,Roberta Buck
2808,Mr. Christopher Sharp
2809,Adam Herman
2810,Lisa Castro
2811,Melissa Mayo
2812,Justin Sanders
2813,Patricia Richardson
2814,Matthew Abbott
2815,Nathan Anderson
2816,Jose Burns
2817,Sabrina Thomas
2818,Ronald Weber
2819,Luke Holland
2820,Harry Fuller
2821,Curtis Bentley
2822,Heidi Alexander
2823,Sarah Wilson
2824,Tiffany Lewis
2825,Austin Williamson
2826,Anthony Adams
2827,Bryan Green
2828,Alyssa Phillips
2829,Joshua Sanchez
2830,Rebekah Ross
2831,Alyssa Martinez
2832,Lucas Schneider
2833,Christopher Wright
2834,James Brown
2835,Dr. Tyler Simmons
2836,Kristen Bright
2837,Adam Smith
2838,Linda Lee
2839,Kimberly Jones
2840,Rachel Bradshaw
2841,Kayla Green
2842,Courtney Hunt
2843,Maria Osborne
2844,Heather Smith
2845,Darryl Briggs
2846,Juan Ross
2847,John Williams
2848,Peggy Harvey
2849,Derek Hayes
2850,Michael Moore
2851,Donald Ward
2852,Manuel Scott
2853,Daniel Reynolds
2854,Jeffery Gutierrez
2855,Alexandra Hill
2856,Alexander Simon
2857,Travis Bowen
2858,Johnny Lucas DVM
2859,Lauren Moore
2860,Lindsay Carlson
2861,Ariel Martin
2862,Mr. Robert Ramirez DDS
2863,Rachel Williams
2864,Susan Berger
2865,Deanna Daniels
2866,Karen Calhoun
2867,Joseph Young
2868,Suzanne Brown
2869,David Gonzalez
2870,Morgan Phillips
2871,Catherine Garner
2872,Sergio Burgess
2873,Heather Bush
2874,Audrey Hughes
2875,Faith Hansen
2876,Carlos Johnson
2877,Janice Moreno
2878,Shannon Espinoza
2879,Melanie Cooper
2880,Ann Morris
2881,Brittney Solomon
2882,Marcus Cook
2883,Kelly Harper
2884,John Walton
2885,Michael Welch
2886,Robert Castro
2887,Eddie Doyle
2888,Lauren Haynes
2889,Sarah Hart
2890,Kristen Randolph DDS
2891,Rebecca Bell
2892,Monica Lewis
2893,Leah Ruiz
2894,Aaron Foster
2895,Taylor King
2896,Susan Curtis
2897,Dennis Christian
2898,Kelly Baker
2899,Gary Lin
2900,Timothy Mills
2901,Tracy Molina
2902,Michael Kelley
2903,David Dunn
2904,Mark Johnson
2905,Cassandra Coleman
2906,Eric Collins
2907,Brenda Hunter
2908,Zachary Walker
2909,Robert Erickson
2910,Crystal Richards
2911,Ann Ferguson
2912,Patrick James
2913,Anthony Jones
2914,Diane Stephens
2915,Andrew Oliver
2916,Scott Alexander
2917,Shannon Moore
2918,Mr. Troy King
2919,Mr. Roy Martin
2920,Evan Payne
2921,Tim Rodriguez
2922,Logan Jones
2923,Wesley Thomas
2924,Caitlin Rich
2925,Maria Anderson
2926,Kyle Warren
2927,Jeremy Benton II
2928,Shawn Delacruz
2929,Cindy Cooper
2930,Jack Todd
2931,Steven Wright
2932,Paula Mercado
2933,Roy Spencer
2934,Kyle Nelson II
2935,Nathaniel Rogers
2936,Cynthia Brown
2937,Kathryn Meyer
2938,Michelle Roberts
2939,Anna Hernandez
2940,Elizabeth Ryan
2941,Denise Holt
2942,Richard Frazier
2943,Aaron Martin
2944,Angela Edwards
2945,Autumn Harris
2946,Kimberly Bell
2947,Emily Knight
2948,Kelsey Vargas
2949,Ann Sherman
2950,Steven Luna
2951,Dr. Samuel Patel DVM
2952,Cheryl Fletcher
2953,Ryan Murphy
2954,Jason Kelly
2955,John Smith
2956,Jacqueline Wilson
2957,Karen Kramer
2958,Valerie Miles
2959,Jennifer Ferrell
2960,Derrick Marquez
2961,Alexander Mcfarland
2962,Sarah Harrell
2963,Carl Lam
2964,Russell Grant
2965,Wesley Bishop
2966,Anthony Sampson
2967,Anna Allen
2968,Gabriel Gonzalez
2969,Anna Moore
2970,Mark Young
2971,Christopher Bailey
2972,Melissa Hobbs
2973,Michelle Randolph
2974,Marvin Taylor
2975,Susan Hardin
2976,Alexander Cordova
2977,Tracy Lee
2978,Leah Mitchell
2979,Jason Price
2980,Shawn Bailey
2981,Robert Rodriguez
2982,Randy Boyd
2983,Bernard Burke
2984,Mr. Austin Trujillo
2985,Jesus Hubbard
2986,Elizabeth Reed
2987,Michael Hendrix
2988,Collin Moon
2989,Emma Johnson
2990,Nancy Ward
2991,Curtis Moran
2992,Brandy Beck
2993,Joseph Smith
2994,Brittany Ayers
2995,Christina Mendoza
2996,Ariel Johnson
2997,Dakota Davis
2998,Annette Larson
2999,Christopher Schultz MD
3000,Mrs. Lori Peterson
3001,Tina Diaz
3002,Teresa Blanchard
3003,Christopher Mcdonald DDS
3004,Kayla Wilson
3005,Jack Andrews
3006,Mark Evans
3007,Darryl Newton
3008,Christopher Carter
3009,Eric Espinoza
3010,Dr. Eric Rogers
3011,William Ramirez
3012,Laurie Fernandez
3013,Beth Rice
3014,Aaron Dixon
3015,Chase Robinson
3016,Nicholas Roberson
3017,Vanessa Watkins
3018,Jeremy Barber
3019,Elizabeth Reese
3020,Wendy Ramirez
3021,James Mendoza
3022,Tanya Jones
3023,Jeffrey Walton
3024,Melissa Payne
3025,Robert Santos
3026,Cristian Vega
3027,Austin Williams
3028,Manuel Luna
3029,Christina Welch
3030,Gary Flores
3031,Megan Mccullough
3032,Zachary Smith
3033,Erin Garza
3034,Veronica Barnett
3035,Jeffery Pierce
3036,Monica Sutton
3037,Mrs. Deborah Sanchez
3038,Charles Martin
3039,Stephen Cooper
3040,Kaitlyn Diaz
3041,Tiffany Parker
3042,John Kelly
3043,Shannon Kennedy
3044,Eric Medina
3045,Timothy Mccoy
3046,Martin Wong
3047,Robert Guzman
3048,Veronica Knight
3049,Stephanie Davies
3050,Christopher Edwards
3051,James Cardenas
3052,Ann Gilbert
3053,Lisa Smith
3054,Vanessa Ross
3055,Jennifer Little
3056,Steven Hamilton
3057,William Lee
3058,Megan Diaz
3059,Angel Pineda
3060,Samantha Mata
3061,Madison Gonzalez
3062,Jennifer Greer
3063,Rhonda Anderson
3064,Elizabeth Wright
3065,Timothy Espinoza
3066,Kathryn Hines
3067,Susan Watkins
3068,Kimberly Gonzalez
3069,Thomas Rodriguez MD
3070,Shaun Flynn
3071,Elijah Cruz
3072,Melissa Matthews
3073,Peter Freeman
3074,Barbara Reed
3075,Lisa Sandoval
3076,Todd Mitchell
3077,Marc Hoffman
3078,Bryan Campbell
3079,Cheryl Welch
3080,Patrick Conley
3081,Julian Chavez
3082,David Walker
3083,Gregory Grant
3084,Linda Chavez
3085,Darren Morris
3086,Billy Ramos
3087,Ashley Hernandez MD
3088,Sandra Green
3089,Dean Johnson
3090,Sandra White
3091,Dominique Tran
3092,Kyle Matthews
3093,Ann Wallace
3094,Hannah Christian
3095,Jackie Oliver
3096,Matthew Cochran
3097,Martha Snow
3098,Derrick Larson
3099,Edward Mckay
3100,Rebecca Mcbride
3101,Christopher Salas
3102,Mary Cruz
3103,Rose Rose
3104,Emily Rodriguez
3105,Joseph Todd II
3106,Corey Lawson
3107,Nicole Byrd
3108,John Garcia
3109,Debbie Ferrell
3110,John Esparza
3111,Cynthia Jackson
3112,Kendra Jackson
3113,Olivia Wright
3114,Matthew Padilla
3115,Susan Diaz
3116,Thomas Stevens
3117,Nancy Ray
3118,Jennifer Allen
3119,Hannah Dawson
3120,Kylie White
3121,Miss Sue Hanson MD
3122,John Villegas
3123,Renee Coleman
3124,Ashley Chavez
3125,Cameron Turner
3126,Jennifer Miller
3127,Cindy Hunter
3128,Austin Kaiser
3129,Suzanne Coffey
3130,Carly Bowman
3131,Christina Ferrell
3132,Michael Mcintyre
3133,Megan Bryan
3134,Kimberly Morgan
3135,Leslie Garcia
3136,Robin Davidson
3137,Rachel Duncan
3138,Julie Campbell
3139,Judy Stewart
3140,Ethan Hickman PhD
3141,Kelsey Davis
3142,Jason Wolfe
3143,Maria Jensen
3144,Paige Macdonald
3145,Dr. Vicki Gonzalez
3146,Christopher Campbell
3147,Lawrence Howell
3148,Calvin Jimenez
3149,Jeremy Luna
3150,Robert Simpson
3151,Robert Dixon
3152,Patricia Gibson
3153,Lynn Grant
3154,Seth Mays
3155,Erin Davis
3156,Debra Norris
3157,Michael Morris
3158,Zachary Hudson
3159,James Taylor
3160,Terrence Villarreal
3161,Tony Brown
3162,Kristen Hampton
3163,Craig Hogan
3164,Thomas Valentine
3165,Terry Schneider
3166,Brittany Ford
3167,Patricia Garner
3168,Jennifer Snyder
3169,Deborah Barnes
3170,Holly Henry
3171,Mark Mitchell
3172,David Ramos
3173,Melvin Shaw
3174,Randy Pena
3175,Brent Murillo
3176,Parker Gardner
3177,Patrick Walker
3178,Matthew Singh
3179,Ernest Moore
3180,Sherry Foster
3181,Marie Hoffman
3182,Jennifer Young
3183,Tiffany Haas
3184,Steven Glover
3185,Oscar Moore
3186,Lance Flores
3187,Oscar Hoffman
3188,Janet Edwards
3189,Steven Williams
3190,Jeremy Mills
3191,Paul Taylor
3192,Julia Bennett
3193,Matthew Arellano
3194,Jose Oneal
3195,Samuel Smith
3196,Jesse Villanueva
3197,Christina Williams
3198,Elizabeth Davis
3199,Randy Turner
3200,Cassandra Bailey
3201,Douglas Bender
3202,Brandon Ryan
3203,Frank Glenn
3204,Donald Johnson
3205,Jonathan Jones
3206,Robert Sweeney
3207,Brad Brewer
3208,Kyle Lozano
3209,Douglas Thompson
3210,Marc Lee
3211,James Price
3212,Benjamin Campbell
3213,Pamela Shaw
3214,Matthew Snyder
3215,Michelle Dixon
3216,Donna Richardson
3217,Karen Patterson
3218,Joseph Robinson
3219,Cynthia Wilson
3220,Melissa Young
3221,David Cantu
3222,Jason Perry
3223,Tyler Curtis
3224,John Smith
3225,Frank Dawson
3226,Mr. Charles Shepherd
3227,David Lucas
3228,Carrie Young
3229,Dawn Morgan
3230,Stacy Stewart
3231,Michael Salazar
3232,Patrick Russell
3233,Phillip Lane
3234,Nicole Hendrix
3235,Laura Brown
3236,Roy Grant
3237,Michael Richardson
3238,James Smith
3239,Tamara Whitaker
3240,Antonio Gibson
3241,Alexander Barrera
3242,Audrey Wilkins
3243,Shawn Bates
3244,Kristin Harrison
3245,Kevin Chavez
3246,Jennifer Lutz
3247,Stacey Carter
3248,Dawn Murray
3249,Robert Carter
3250,Robert Wilson
3251,Krista Marsh
3252,Michelle Krueger
3253,Jerry Ballard
3254,Jimmy Lee
3255,Brian Hill
3256,Amanda Ray
3257,Billy Rogers
3258,Dylan Oconnor
3259,Tiffany Guerrero
3260,Jennifer Griffin
3261,Richard Martin
3262,Amy Powell
3263,Jonathan Johnson
3264,Derek Johnson
3265,Andrea Cannon
3266,David Clark MD
3267,Deborah Powell
3268,Lindsay Gillespie
3269,Angela Rodriguez
3270,Monica Schmitt
3271,Jay Miller
3272,Brandon Castillo
3273,Nicholas Clark
3274,Deanna Nguyen
3275,Lisa Kelley
3276,Lisa Wilson
3277,Laura Whitney
3278,Noah Boyd
3279,Michael Ortega
3280,Elizabeth Dunn
3281,Cristina Harris
3282,Daniel Young
3283,William Dean
3284,Marc Cunningham
3285,Kathleen Sanders
3286,Cynthia Brown
3287,Douglas Jones
3288,Peter Thompson
3289,Lauren Barnes MD
3290,Robert Bryan
3291,Ms. Teresa Dixon
3292,Mary Franklin
3293,Kimberly Collins
3294,Jeremy Kidd
3295,Maria Johnson
3296,Brenda Arias
3297,Brandon Chavez
3298,Nicole Lopez
3299,Tammy Mullins
3300,Miss Jennifer Brown
3301,Kenneth Vega
3302,Natasha Vega
3303,Wesley Hampton
3304,Sarah Carr
3305,Kenneth Burgess
3306,Dylan King
3307,Gary Mitchell
3308,Alison Stark
3309,Kathryn Cox
3310,Theresa Harris
3311,Tina Greene
3312,Lisa Wong
3313,Dr. Richard Young
3314,Laura Monroe
3315,Melissa Johnson
3316,Darryl Franklin
3317,Joanna Cobb
3318,Samuel Barnes
3319,Whitney Barton
3320,Alexis Thompson
3321,Kevin Holmes
3322,William Lowery
3323,Susan Avery
3324,Jacob Collins
3325,Jerry Ruiz
3326,Kimberly Burgess
3327,Craig Holder
3328,Darrell Cabrera
3329,David Williams
3330,Michael Wood
3331,Cynthia Dominguez
3332,Brittany Washington
3333,Herbert Hunt
3334,William Fry
3335,Rebecca Zimmerman
3336,Laura Garner
3337,Keith Mayer
3338,Eddie Murphy
3339,Elizabeth Anderson
3340,Mr. Gary Morales Jr.
3341,Johnny Morales
3342,Linda Holden
3343,Crystal Lewis
3344,Cynthia Medina
3345,Daniel Quinn
3346,Nicole King
3347,Laura Cox
3348,Travis Roberts
3349,Linda Thomas
3350,Amy Caldwell
3351,Ryan Hunt
3352,Dr. Timothy Page
3353,Melissa Padilla
3354,Russell Young Jr.
3355,Mr. Joseph White
3356,Holly Hill
3357,Mr. Alan May PhD
3358,Nathaniel Everett
3359,Barbara Curry
3360,Chelsey Oliver
3361,Autumn Cobb
3362,Jim Roberts
3363,Collin Garcia
3364,Donna Little
3365,Colleen Williams
3366,Whitney Johnson
3367,Karen Herrera
3368,Amanda Thompson
3369,Kevin Bailey
3370,Roy Robinson
3371,Robert Walters
3372,Lisa Chapman
3373,Cameron Anderson
3374,Joseph Hall
3375,Catherine Alexander
3376,Brianna Adams
3377,John Ballard
3378,Bethany Lin
3379,Mrs. Amanda Williams DVM
3380,Dustin Galloway
3381,Julia Hill
3382,Daniel Lambert
3383,Carolyn Klein
3384,Michelle Moore
3385,Michael Mathis
3386,Louis Hobbs
3387,Karen Bowen
3388,Jonathan Lucas
3389,Alexis Wilson
3390,Brian Marsh
3391,Derrick Reynolds
3392,Kelly Lewis
3393,Victoria Lopez
3394,Deborah Campbell
3395,Erin Pierce
3396,Michael Long
3397,Kevin Johnson
3398,Jimmy Clark
3399,Jamie Anderson
3400,Daniel Lewis
3401,Connor Shah
3402,Justin Lowe
3403,Eric Fields
3404,Alexander Ramos
3405,Michael Rios
3406,Sandra Romero
3407,James Bond
3408,Rhonda Norris
3409,John Thomas
3410,Jane Miller
3411,Kristine White
3412,Cindy Stewart
3413,Rudy Hubbard
3414,Roy Kidd
3415,Dave Arnold
3416,Erk Russell
3417,Jimmy Satterfield
3418,Tim Stowers
3419,K.C. Keeler
3420,Mickey Matthews
3421,Andy Talley
3422,Beau Baldwin
3423,Matt Entz
3424,John Stiegelmeier
